{"cameraMode":{"drawMode":0,"name":"Shaded","section":"Shading Mode"},"sceneLighting":false,"audioPlay":false,"sceneViewState":{"m_AlwaysRefresh":false,"showFog":true,"showSkybox":false,"showFlares":true,"showImageEffects":true,"showParticleSystems":true,"showVisualEffectGraphs":true,"m_FxEnabled":true},"in2DMode":false,"pivot":{"x":-66.94000244140625,"y":6.690000057220459,"z":81.11000061035156},"rotation":{"x":-0.46180132031440737,"y":0.028043093159794809,"z":-0.013173757120966912,"w":-0.8869613409042358},"size":0.8660253882408142,"orthographic":true}