{"cameraMode":{"drawMode":0,"name":"Shaded","section":"Shading Mode"},"sceneLighting":false,"audioPlay":false,"sceneViewState":{"m_AlwaysRefresh":false,"showFog":true,"showSkybox":false,"showFlares":true,"showImageEffects":true,"showParticleSystems":true,"showVisualEffectGraphs":true,"m_FxEnabled":true},"in2DMode":false,"pivot":{"x":-2.8103320598602297,"y":3.0705599784851076,"z":3.2162747383117677},"rotation":{"x":-0.29089289903640749,"y":-0.5579793453216553,"z":0.2181578427553177,"w":-0.7464350461959839},"size":11.642617225646973,"orthographic":true}