{"cameraMode":{"drawMode":0,"name":"Shaded","section":"Shading Mode"},"sceneLighting":false,"audioPlay":false,"sceneViewState":{"m_AlwaysRefresh":false,"showFog":true,"showSkybox":false,"showFlares":true,"showImageEffects":true,"showParticleSystems":true,"showVisualEffectGraphs":true,"m_FxEnabled":true},"in2DMode":false,"pivot":{"x":0.001969963312149048,"y":-0.0005434751510620117,"z":-0.0007630735635757446},"rotation":{"x":0.1920863389968872,"y":0.7929047346115112,"z":-0.3135165870189667,"w":0.48598936200141909},"size":0.30052587389945986,"orthographic":false}