{"cameraMode":{"drawMode":0,"name":"Shaded","section":"Shading Mode"},"sceneLighting":false,"audioPlay":false,"sceneViewState":{"m_AlwaysRefresh":false,"showFog":true,"showSkybox":false,"showFlares":true,"showImageEffects":true,"showParticleSystems":true,"showVisualEffectGraphs":true,"m_FxEnabled":true},"in2DMode":false,"pivot":{"x":0.24999991059303285,"y":0.4999999403953552,"z":0.24999994039535523},"rotation":{"x":-0.2303636521100998,"y":-0.5984140634536743,"z":0.18513622879981996,"w":-0.7447668313980103},"size":0.6123723983764648,"orthographic":false}